source;doi;titulo;autores;año;venue;crit_1_ai_ml;crit_2_se_context;crit_3_empirical;crit_4_organizational;score;razon_decision;nota_rayyan
IEEE Xplore;10904141;Exploring the Integration of Generative AI Tools in Software Testing Education: A Case Study on ChatGPT and Copilot for Preparatory Testing Artifacts in Postgraduate Learning;Haldar, Susmita and Pierce, Mary and Fernando Capretz, Luiz;2025;IEEE Access;Sí;Sí;Sí;Sí;Sí;Cumple con criterios de inclusión (≥3/4);"[SCREENING] 2025-12-16
¿Menciona IA/ML/Generative AI explícitamente?: Sí
¿Contexto es software development/engineering?: Sí
¿Hay evidencia empírica (estudio, caso, survey)?: Sí
¿Aborda adopción, competencias, prácticas u organizacional?: Sí
Decisión: Sí
Razón: Cumple con criterios de inclusión (≥3/4)"
IEEE Xplore;10735191;Assessing GitHub Copilot in Solidity Development: Capabilities, Testing, and Bug Fixing;Baralla, Gavina and Ibba, Giacomo and Tonelli, Roberto;2024;IEEE Access;Sí;Sí;Sí;Sí;Sí;Cumple con criterios de inclusión (≥3/4);"[SCREENING] 2025-12-16
¿Menciona IA/ML/Generative AI explícitamente?: Sí
¿Contexto es software development/engineering?: Sí
¿Hay evidencia empírica (estudio, caso, survey)?: Sí
¿Aborda adopción, competencias, prácticas u organizacional?: Sí
Decisión: Sí
Razón: Cumple con criterios de inclusión (≥3/4)"
IEEE Xplore;10646341;VSEST 29110 Tool: Using ChatGPT to Evaluate the Implementation of the ISO/IEC 29110 Work Products;Mejía, Jezreel and Terrón-Macias, Victor and Muñoz, Mirna and Terrón-Hernández, ;2024;IEEE Access;Sí;Sí;Sí;Sí;Sí;Cumple con criterios de inclusión (≥3/4);"[SCREENING] 2025-12-16
¿Menciona IA/ML/Generative AI explícitamente?: Sí
¿Contexto es software development/engineering?: Sí
¿Hay evidencia empírica (estudio, caso, survey)?: Sí
¿Aborda adopción, competencias, prácticas u organizacional?: Sí
Decisión: Sí
Razón: Cumple con criterios de inclusión (≥3/4)"
IEEE Xplore;10548766;2024 IEEE/ACM 46th International Conference on Software Engineering (ICSE);Dolata, Mateusz and Lange, Norbert and Schwabe, Gerhard;2024;2024 IEEE/ACM 46th International Conference on Software Engineering (ICSE);Sí;Sí;Sí;Sí;Sí;Cumple con criterios de inclusión (≥3/4);"[SCREENING] 2025-12-16
¿Menciona IA/ML/Generative AI explícitamente?: Sí
¿Contexto es software development/engineering?: Sí
¿Hay evidencia empírica (estudio, caso, survey)?: Sí
¿Aborda adopción, competencias, prácticas u organizacional?: Sí
Decisión: Sí
Razón: Cumple con criterios de inclusión (≥3/4)"
IEEE Xplore;10812696;Cypress Copilot: Development of an AI Assistant for Boosting Productivity and Transforming Web Application Testing;Nettur, Suresh Babu and Karpurapu, Shanthi and Nettur, Unnati and Gajja, Likhit ;2025;IEEE Access;Sí;Sí;Sí;No;Sí;Cumple con criterios de inclusión (≥3/4);"[SCREENING] 2025-12-16
¿Menciona IA/ML/Generative AI explícitamente?: Sí
¿Contexto es software development/engineering?: Sí
¿Hay evidencia empírica (estudio, caso, survey)?: Sí
¿Aborda adopción, competencias, prácticas u organizacional?: No
Decisión: Sí
Razón: Cumple con criterios de inclusión (≥3/4)"
IEEE Xplore;10870152;Analysis of ChatGPT-Generated Codes Across Multiple Programming Languages;Almanasra, Sally and Suwais, Khaled;2025;IEEE Access;Sí;Sí;Sí;No;Sí;Cumple con criterios de inclusión (≥3/4);"[SCREENING] 2025-12-16
¿Menciona IA/ML/Generative AI explícitamente?: Sí
¿Contexto es software development/engineering?: Sí
¿Hay evidencia empírica (estudio, caso, survey)?: Sí
¿Aborda adopción, competencias, prácticas u organizacional?: No
Decisión: Sí
Razón: Cumple con criterios de inclusión (≥3/4)"
IEEE Xplore;10647145;2024 IEEE/ACM International Workshop on Natural Language-Based Software Engineering (NLBSE);Shome, Arumoy and Cruz, Luìs and Van Deursen, Arie;2024;2024 IEEE/ACM International Workshop on Natural Language-Based Software Engineering (NLBSE);Sí;Sí;Sí;Sí;Sí;Cumple con criterios de inclusión (≥3/4);"[SCREENING] 2025-12-16
¿Menciona IA/ML/Generative AI explícitamente?: Sí
¿Contexto es software development/engineering?: Sí
¿Hay evidencia empírica (estudio, caso, survey)?: Sí
¿Aborda adopción, competencias, prácticas u organizacional?: Sí
Decisión: Sí
Razón: Cumple con criterios de inclusión (≥3/4)"
IEEE Xplore;11218044;Preconditions and Postconditions as Design Constraints for LLM Code Generation;Newcomb, Luke and Newcomb, Alexandra and Ochoa, Omar;2025;IEEE Access;Sí;Sí;Sí;Sí;Sí;Cumple con criterios de inclusión (≥3/4);"[SCREENING] 2025-12-16
¿Menciona IA/ML/Generative AI explícitamente?: Sí
¿Contexto es software development/engineering?: Sí
¿Hay evidencia empírica (estudio, caso, survey)?: Sí
¿Aborda adopción, competencias, prácticas u organizacional?: Sí
Decisión: Sí
Razón: Cumple con criterios de inclusión (≥3/4)"
IEEE Xplore;10727139;2024 IEEE/ACM 46th International Conference on Software Engineering: New Ideas and Emerging Results (ICSE-NIER);Mishra, Shyamal and Chatterjee, Preetha;2024;2024 IEEE/ACM 46th International Conference on Software Engineering: New Ideas and Emerging Results (ICSE-NIER);Sí;Sí;Sí;Sí;Sí;Cumple con criterios de inclusión (≥3/4);"[SCREENING] 2025-12-16
¿Menciona IA/ML/Generative AI explícitamente?: Sí
¿Contexto es software development/engineering?: Sí
¿Hay evidencia empírica (estudio, caso, survey)?: Sí
¿Aborda adopción, competencias, prácticas u organizacional?: Sí
Decisión: Sí
Razón: Cumple con criterios de inclusión (≥3/4)"
IEEE Xplore;10549231;2024 IEEE/ACM 46th International Conference on Software Engineering (ICSE);Serafini, Raphael and Otto, Clemens and Horstmann, Stefan Albert and Naiakshina,;2024;2024 IEEE/ACM 46th International Conference on Software Engineering (ICSE);Sí;Sí;Sí;Sí;Sí;Cumple con criterios de inclusión (≥3/4);"[SCREENING] 2025-12-16
¿Menciona IA/ML/Generative AI explícitamente?: Sí
¿Contexto es software development/engineering?: Sí
¿Hay evidencia empírica (estudio, caso, survey)?: Sí
¿Aborda adopción, competencias, prácticas u organizacional?: Sí
Decisión: Sí
Razón: Cumple con criterios de inclusión (≥3/4)"
IEEE Xplore;9568959;A Literature Review of Using Machine Learning in Software Development Life Cycle Stages;Shafiq, Saad and Mashkoor, Atif and Mayr-Dorn, Christoph and Egyed, Alexander;2021;IEEE Access;Sí;Sí;Sí;No;Sí;Cumple con criterios de inclusión (≥3/4);"[SCREENING] 2025-12-16
¿Menciona IA/ML/Generative AI explícitamente?: Sí
¿Contexto es software development/engineering?: Sí
¿Hay evidencia empírica (estudio, caso, survey)?: Sí
¿Aborda adopción, competencias, prácticas u organizacional?: No
Decisión: Sí
Razón: Cumple con criterios de inclusión (≥3/4)"
IEEE Xplore;11269792;Analyzing LLM-Generated Code According to Four ISO/IEC 5055:2021 Categories;Krebs, Rasmus and Mazumdar, Somnath;2025;IEEE Access;Sí;Sí;Sí;No;Sí;Cumple con criterios de inclusión (≥3/4);"[SCREENING] 2025-12-16
¿Menciona IA/ML/Generative AI explícitamente?: Sí
¿Contexto es software development/engineering?: Sí
¿Hay evidencia empírica (estudio, caso, survey)?: Sí
¿Aborda adopción, competencias, prácticas u organizacional?: No
Decisión: Sí
Razón: Cumple con criterios de inclusión (≥3/4)"
IEEE Xplore;10179899;Requirements Engineering in Machine Learning Projects;Gjorgjevikj, Ana and Mishev, Kostadin and Antovski, Ljupcho and Trajanov, Dimita;2023;IEEE Access;Sí;Sí;Sí;Sí;Sí;Cumple con criterios de inclusión (≥3/4);"[SCREENING] 2025-12-16
¿Menciona IA/ML/Generative AI explícitamente?: Sí
¿Contexto es software development/engineering?: Sí
¿Hay evidencia empírica (estudio, caso, survey)?: Sí
¿Aborda adopción, competencias, prácticas u organizacional?: Sí
Decisión: Sí
Razón: Cumple con criterios de inclusión (≥3/4)"
IEEE Xplore;9388660;CaPBug-A Framework for Automatic Bug Categorization and Prioritization Using NLP and Machine Learning Algorithms;Ahmed, Hafiza Anisa and Bawany, Narmeen Zakaria and Shamsi, Jawwad Ahmed;2021;IEEE Access;Sí;Sí;No;Sí;Sí;Cumple con criterios de inclusión (≥3/4);"[SCREENING] 2025-12-16
¿Menciona IA/ML/Generative AI explícitamente?: Sí
¿Contexto es software development/engineering?: Sí
¿Hay evidencia empírica (estudio, caso, survey)?: No
¿Aborda adopción, competencias, prácticas u organizacional?: Sí
Decisión: Sí
Razón: Cumple con criterios de inclusión (≥3/4)"
IEEE Xplore;10305170;An Extended Survey Concerning the Significance of Artificial Intelligence and Machine Learning Techniques for Bug Triage and Management;Bocu, Razvan and Baicoianu, Alexandra and Kerestely, Arpad;2023;IEEE Access;Sí;Sí;Sí;Sí;No;Criterios de exclusión: duplicate;"[SCREENING] 2025-12-16
¿Menciona IA/ML/Generative AI explícitamente?: Sí
¿Contexto es software development/engineering?: Sí
¿Hay evidencia empírica (estudio, caso, survey)?: Sí
¿Aborda adopción, competencias, prácticas u organizacional?: Sí
Decisión: No
Razón: Criterios de exclusión: duplicate"
IEEE Xplore;10870104;Exploring the Landscape of Programming Language Identification With Machine Learning Approaches;Verma, Amandeep and Saha, Rahul and Kumar, Gulshan and Brighente, Alessandro and;2025;IEEE Access;Sí;Sí;Sí;Sí;Sí;Cumple con criterios de inclusión (≥3/4);"[SCREENING] 2025-12-16
¿Menciona IA/ML/Generative AI explícitamente?: Sí
¿Contexto es software development/engineering?: Sí
¿Hay evidencia empírica (estudio, caso, survey)?: Sí
¿Aborda adopción, competencias, prácticas u organizacional?: Sí
Decisión: Sí
Razón: Cumple con criterios de inclusión (≥3/4)"
IEEE Xplore;10538131;Review and Empirical Analysis of Machine Learning-Based Software Effort Estimation;Rahman, Mizanur and Sarwar, Hasan and Kader, MD. Abdul and Gonçalves, Teresa and;2024;IEEE Access;Sí;Sí;Sí;No;Sí;Cumple con criterios de inclusión (≥3/4);"[SCREENING] 2025-12-16
¿Menciona IA/ML/Generative AI explícitamente?: Sí
¿Contexto es software development/engineering?: Sí
¿Hay evidencia empírica (estudio, caso, survey)?: Sí
¿Aborda adopción, competencias, prácticas u organizacional?: No
Decisión: Sí
Razón: Cumple con criterios de inclusión (≥3/4)"
IEEE Xplore;9808768;2022 IEEE/ACM 1st International Workshop on Software Engineering for Responsible Artificial Intelligence (SE4RAI);Kolltveit, Ask Berstad and Li, Jingyue;2022;2022 IEEE/ACM 1st International Workshop on Software Engineering for Responsible Artificial Intelligence (SE4RAI);Sí;Sí;Sí;Sí;Sí;Cumple con criterios de inclusión (≥3/4);"[SCREENING] 2025-12-16
¿Menciona IA/ML/Generative AI explícitamente?: Sí
¿Contexto es software development/engineering?: Sí
¿Hay evidencia empírica (estudio, caso, survey)?: Sí
¿Aborda adopción, competencias, prácticas u organizacional?: Sí
Decisión: Sí
Razón: Cumple con criterios de inclusión (≥3/4)"
IEEE Xplore;9826168;2022 IEEE/ACM 4th International Workshop on Software Engineering Research and Practices for the IoT (SERP4IoT);Gopalakrishna, Nikhil Krishna and Anandayuvaraj, Dharun and Detti, Annan and Bla;2022;2022 IEEE/ACM 4th International Workshop on Software Engineering Research and Practices for the IoT (SERP4IoT);Sí;Sí;Sí;Sí;Sí;Cumple con criterios de inclusión (≥3/4);"[SCREENING] 2025-12-16
¿Menciona IA/ML/Generative AI explícitamente?: Sí
¿Contexto es software development/engineering?: Sí
¿Hay evidencia empírica (estudio, caso, survey)?: Sí
¿Aborda adopción, competencias, prácticas u organizacional?: Sí
Decisión: Sí
Razón: Cumple con criterios de inclusión (≥3/4)"
IEEE Xplore;10677006;Improved Software Effort Estimation Through Machine Learning: Challenges, Applications, and Feature Importance Analysis;Terlapu, Panduranga Vital and Raju, Kalidindi Kishore and Kiran Kumar, G. and Ja;2024;IEEE Access;Sí;Sí;Sí;No;Sí;Cumple con criterios de inclusión (≥3/4);"[SCREENING] 2025-12-16
¿Menciona IA/ML/Generative AI explícitamente?: Sí
¿Contexto es software development/engineering?: Sí
¿Hay evidencia empírica (estudio, caso, survey)?: Sí
¿Aborda adopción, competencias, prácticas u organizacional?: No
Decisión: Sí
Razón: Cumple con criterios de inclusión (≥3/4)"
IEEE Xplore;10843220;Bridging Precision and Complexity: A Novel Machine Learning Approach for Ambiguity Detection in Software Requirements;Izhar, Rahat and Bhatti, Shahid N. and Alharthi, Sultan A.;2025;IEEE Access;Sí;Sí;Sí;Sí;Sí;Cumple con criterios de inclusión (≥3/4);"[SCREENING] 2025-12-16
¿Menciona IA/ML/Generative AI explícitamente?: Sí
¿Contexto es software development/engineering?: Sí
¿Hay evidencia empírica (estudio, caso, survey)?: Sí
¿Aborda adopción, competencias, prácticas u organizacional?: Sí
Decisión: Sí
Razón: Cumple con criterios de inclusión (≥3/4)"
IEEE Xplore;10741285;Test Suite Optimization Using Machine Learning Techniques: A Comprehensive Study;Mehmood, Abid and Ilyas, Qazi Mudassar and Ahmad, Muneer and Shi, Zhongliang;2024;IEEE Access;Sí;Sí;Sí;No;Sí;Cumple con criterios de inclusión (≥3/4);"[SCREENING] 2025-12-16
¿Menciona IA/ML/Generative AI explícitamente?: Sí
¿Contexto es software development/engineering?: Sí
¿Hay evidencia empírica (estudio, caso, survey)?: Sí
¿Aborda adopción, competencias, prácticas u organizacional?: No
Decisión: Sí
Razón: Cumple con criterios de inclusión (≥3/4)"
IEEE Xplore;9734272;Software-Engineering Design Patterns for Machine Learning Applications;Washizaki, Hironori and Khomh, Foutse and Guéhéneuc, Yann-Gaël and Takeuchi, Hir;2022;Computer;Sí;Sí;Sí;Sí;Sí;Cumple con criterios de inclusión (≥3/4);"[SCREENING] 2025-12-16
¿Menciona IA/ML/Generative AI explícitamente?: Sí
¿Contexto es software development/engineering?: Sí
¿Hay evidencia empírica (estudio, caso, survey)?: Sí
¿Aborda adopción, competencias, prácticas u organizacional?: Sí
Decisión: Sí
Razón: Cumple con criterios de inclusión (≥3/4)"
IEEE Xplore;10175526;Effective Software Effort Estimation Leveraging Machine Learning for Digital Transformation;Jadhav, Akshay and Shandilya, Shishir Kumar and Izonin, Ivan and Gregus, Michal;2023;IEEE Access;Sí;Sí;Sí;Sí;Sí;Cumple con criterios de inclusión (≥3/4);"[SCREENING] 2025-12-16
¿Menciona IA/ML/Generative AI explícitamente?: Sí
¿Contexto es software development/engineering?: Sí
¿Hay evidencia empírica (estudio, caso, survey)?: Sí
¿Aborda adopción, competencias, prácticas u organizacional?: Sí
Decisión: Sí
Razón: Cumple con criterios de inclusión (≥3/4)"
IEEE Xplore;9590539;Machine Learning Based Embedded Code Multi-Label Classification;Zhou, Yu and Cui, Suxia and Wang, Yonghui;2021;IEEE Access;Sí;Sí;Sí;No;Sí;Cumple con criterios de inclusión (≥3/4);"[SCREENING] 2025-12-16
¿Menciona IA/ML/Generative AI explícitamente?: Sí
¿Contexto es software development/engineering?: Sí
¿Hay evidencia empírica (estudio, caso, survey)?: Sí
¿Aborda adopción, competencias, prácticas u organizacional?: No
Decisión: Sí
Razón: Cumple con criterios de inclusión (≥3/4)"
IEEE Xplore;9328431;Identifying Non-Functional Requirements From Unconstrained Documents Using Natural Language Processing and Machine Learning Approaches;Shreda, Qais A. and Hanani, Abualsoud A.;2025;IEEE Access;Sí;Sí;Sí;No;Sí;Cumple con criterios de inclusión (≥3/4);"[SCREENING] 2025-12-16
¿Menciona IA/ML/Generative AI explícitamente?: Sí
¿Contexto es software development/engineering?: Sí
¿Hay evidencia empírica (estudio, caso, survey)?: Sí
¿Aborda adopción, competencias, prácticas u organizacional?: No
Decisión: Sí
Razón: Cumple con criterios de inclusión (≥3/4)"
IEEE Xplore;10935309;Machine Learning Approaches to Code Similarity Measurement: A Systematic Review;Zhang, Zixian and Saber, Takfarinas;2025;IEEE Access;Sí;Sí;Sí;No;No;Criterios de exclusión: pure_theory;"[SCREENING] 2025-12-16
¿Menciona IA/ML/Generative AI explícitamente?: Sí
¿Contexto es software development/engineering?: Sí
¿Hay evidencia empírica (estudio, caso, survey)?: Sí
¿Aborda adopción, competencias, prácticas u organizacional?: No
Decisión: No
Razón: Criterios de exclusión: pure_theory"
IEEE Xplore;11082155;Defect Detection and Correction in OpenMP: A Static Analysis and Machine Learning-Based Solution;Al-Johany, Norah A. and Eassa, Fathy E. and Sharaf, Sanaa A. and Balkhair, Eynas;2025;IEEE Access;Sí;Sí;Sí;No;Sí;Cumple con criterios de inclusión (≥3/4);"[SCREENING] 2025-12-16
¿Menciona IA/ML/Generative AI explícitamente?: Sí
¿Contexto es software development/engineering?: Sí
¿Hay evidencia empírica (estudio, caso, survey)?: Sí
¿Aborda adopción, competencias, prácticas u organizacional?: No
Decisión: Sí
Razón: Cumple con criterios de inclusión (≥3/4)"
IEEE Xplore;11106424;Leveraging Machine Learning for Enhanced Bug Triaging in Open-Source Software Projects;Adhikari, Nitanta and Bista, Rabindra and Ferreira, João Carlos;2025;IEEE Access;Sí;Sí;Sí;Sí;Sí;Cumple con criterios de inclusión (≥3/4);"[SCREENING] 2025-12-16
¿Menciona IA/ML/Generative AI explícitamente?: Sí
¿Contexto es software development/engineering?: Sí
¿Hay evidencia empírica (estudio, caso, survey)?: Sí
¿Aborda adopción, competencias, prácticas u organizacional?: Sí
Decisión: Sí
Razón: Cumple con criterios de inclusión (≥3/4)"
Scopus;Ali2025;Cloud-based machine learning for scalable classification of software requirements: Insights from the PROMISE dataset;Ali, Hashim and Tanveer, Umer and Saeed, Amir and Khalid Alkahtani, Hend Khalid ;2025;Systems and Soft Computing;Sí;Sí;Sí;Sí;Sí;Cumple con criterios de inclusión (≥3/4);"[SCREENING] 2025-12-16
¿Menciona IA/ML/Generative AI explícitamente?: Sí
¿Contexto es software development/engineering?: Sí
¿Hay evidencia empírica (estudio, caso, survey)?: Sí
¿Aborda adopción, competencias, prácticas u organizacional?: Sí
Decisión: Sí
Razón: Cumple con criterios de inclusión (≥3/4)"
Scopus;Robredo2025;Evaluating time-dependent methods and seasonal effects in code technical debt prediction;Robredo, Mikel and Saarimäki, Nyyti and Esposito, Matteo and Taibi, Davide and P;2025;Journal of Systems and Software;Sí;Sí;Sí;No;Sí;Cumple con criterios de inclusión (≥3/4);"[SCREENING] 2025-12-16
¿Menciona IA/ML/Generative AI explícitamente?: Sí
¿Contexto es software development/engineering?: Sí
¿Hay evidencia empírica (estudio, caso, survey)?: Sí
¿Aborda adopción, competencias, prácticas u organizacional?: No
Decisión: Sí
Razón: Cumple con criterios de inclusión (≥3/4)"
Scopus;Aghilar2025;Training-free, Identity-preserving Image Editing for Fashion Pose Alignment and Normalization;Aghilar, Potito and Anelli, Vito Walter and Trizio, Michelantonio and Di Sciasci;2025;Expert Systems with Applications;Sí;Sí;No;Sí;Sí;Cumple con criterios de inclusión (≥3/4);"[SCREENING] 2025-12-16
¿Menciona IA/ML/Generative AI explícitamente?: Sí
¿Contexto es software development/engineering?: Sí
¿Hay evidencia empírica (estudio, caso, survey)?: No
¿Aborda adopción, competencias, prácticas u organizacional?: Sí
Decisión: Sí
Razón: Cumple con criterios de inclusión (≥3/4)"
Scopus;De Martino2025;Examining the impact of bias mitigation algorithms on the sustainability of ML-enabled systems: A benchmark study;De Martino, Vincenzo and Voria, Gianmario and Troiano, Ciro and Catolino, Gemma ;2025;Journal of Systems and Software;Sí;Sí;Sí;Sí;Sí;Cumple con criterios de inclusión (≥3/4);"[SCREENING] 2025-12-16
¿Menciona IA/ML/Generative AI explícitamente?: Sí
¿Contexto es software development/engineering?: Sí
¿Hay evidencia empírica (estudio, caso, survey)?: Sí
¿Aborda adopción, competencias, prácticas u organizacional?: Sí
Decisión: Sí
Razón: Cumple con criterios de inclusión (≥3/4)"
Scopus;Stradowski2025;“Your AI is impressive, but my code does not have any bugs” managing false positives in industrial contexts;Stradowski, Szymon and Madeyski, Lech;2025;Science of Computer Programming;Sí;Sí;Sí;Sí;No;Criterios de exclusión: editorial;"[SCREENING] 2025-12-16
¿Menciona IA/ML/Generative AI explícitamente?: Sí
¿Contexto es software development/engineering?: Sí
¿Hay evidencia empírica (estudio, caso, survey)?: Sí
¿Aborda adopción, competencias, prácticas u organizacional?: Sí
Decisión: No
Razón: Criterios de exclusión: editorial"
Scopus;Kalinowski2025;Naming the Pain in machine learning-enabled systems engineering;Kalinowski, M. and Mendez, Daniel and Giray, Görkem and Santos Alves, Antonio Pe;2025;Information and Software Technology;Sí;Sí;Sí;Sí;Sí;Cumple con criterios de inclusión (≥3/4);"[SCREENING] 2025-12-16
¿Menciona IA/ML/Generative AI explícitamente?: Sí
¿Contexto es software development/engineering?: Sí
¿Hay evidencia empírica (estudio, caso, survey)?: Sí
¿Aborda adopción, competencias, prácticas u organizacional?: Sí
Decisión: Sí
Razón: Cumple con criterios de inclusión (≥3/4)"
Scopus;Alami2025;Accountability in Code Review: The Role of Intrinsic Drivers and the Impact of LLMs;Alami, Adam and Jensen, Victor Vadmand and Ernst, Neil A.;2025;ACM Transactions on Software Engineering and Methodology;Sí;Sí;Sí;Sí;Sí;Cumple con criterios de inclusión (≥3/4);"[SCREENING] 2025-12-16
¿Menciona IA/ML/Generative AI explícitamente?: Sí
¿Contexto es software development/engineering?: Sí
¿Hay evidencia empírica (estudio, caso, survey)?: Sí
¿Aborda adopción, competencias, prácticas u organizacional?: Sí
Decisión: Sí
Razón: Cumple con criterios de inclusión (≥3/4)"
Scopus;Jalali2025;Securing social network user data in large language model deployments: challenges and best practices;Jalali, Nasir Ahmad and Hongsong, Chen;2025;Cluster Computing;Sí;Sí;Sí;Sí;No;Criterios de exclusión: medical_healthcare;"[SCREENING] 2025-12-16
¿Menciona IA/ML/Generative AI explícitamente?: Sí
¿Contexto es software development/engineering?: Sí
¿Hay evidencia empírica (estudio, caso, survey)?: Sí
¿Aborda adopción, competencias, prácticas u organizacional?: Sí
Decisión: No
Razón: Criterios de exclusión: medical_healthcare"
Scopus;Kemell2025;Still just personal assistants? – A multiple case study of generative AI adoption in software organizations;Kemell, Kai Kristian and Saarikallio, Matti and Nguyen-Duc, Anh and Abrahamsson,;2025;Information and Software Technology;Sí;Sí;Sí;Sí;No;Criterios de exclusión: editorial;"[SCREENING] 2025-12-16
¿Menciona IA/ML/Generative AI explícitamente?: Sí
¿Contexto es software development/engineering?: Sí
¿Hay evidencia empírica (estudio, caso, survey)?: Sí
¿Aborda adopción, competencias, prácticas u organizacional?: Sí
Decisión: No
Razón: Criterios de exclusión: editorial"
Scopus;Kelmendi2025;AI-Driven Optimization of Functional Feature Placement in Automotive CAD;Kelmendi, Ardian and Pappas, George;2025;Algorithms;Sí;No;Sí;No;Incierto;Cumple parcialmente (2/4 criterios);"[SCREENING] 2025-12-16
¿Menciona IA/ML/Generative AI explícitamente?: Sí
¿Contexto es software development/engineering?: No
¿Hay evidencia empírica (estudio, caso, survey)?: Sí
¿Aborda adopción, competencias, prácticas u organizacional?: No
Decisión: Incierto
Razón: Cumple parcialmente (2/4 criterios)"
Scopus;Marzouk2025;Automation in Construction (2000–2023): Science Mapping and Visualization of Journal Publications;Marzouk, Mohamed M. and Bin Mahmoud, Abdulrahman A. and Al-Gahtani, Khalid S. an;2025;Buildings;Sí;No;Sí;Sí;No;Criterios de exclusión: editorial;"[SCREENING] 2025-12-16
¿Menciona IA/ML/Generative AI explícitamente?: Sí
¿Contexto es software development/engineering?: No
¿Hay evidencia empírica (estudio, caso, survey)?: Sí
¿Aborda adopción, competencias, prácticas u organizacional?: Sí
Decisión: No
Razón: Criterios de exclusión: editorial"
Scopus;Yang2025;RAGVA: Engineering retrieval augmented generation-based virtual assistants in practice;Yang, Rui and Fu, Michael and Tantithamthavorn, Kla (kla) and Arora, Chetan and ;2025;Journal of Systems and Software;Sí;Sí;Sí;Sí;Sí;Cumple con criterios de inclusión (≥3/4);"[SCREENING] 2025-12-16
¿Menciona IA/ML/Generative AI explícitamente?: Sí
¿Contexto es software development/engineering?: Sí
¿Hay evidencia empírica (estudio, caso, survey)?: Sí
¿Aborda adopción, competencias, prácticas u organizacional?: Sí
Decisión: Sí
Razón: Cumple con criterios de inclusión (≥3/4)"
Scopus;Hasan2025639;PREDICTION OF SOFTWARE ANOMALIES METHODS BASED ON ENSEMBLE LEARNING METHODS;Hasan, Raghda Azad and Saleh, Ibrahim Ahmed;2025;Kufa Journal of Engineering;Sí;Sí;No;No;Sí;Cumple con AI+SE + 1 criterio adicional;"[SCREENING] 2025-12-16
¿Menciona IA/ML/Generative AI explícitamente?: Sí
¿Contexto es software development/engineering?: Sí
¿Hay evidencia empírica (estudio, caso, survey)?: No
¿Aborda adopción, competencias, prácticas u organizacional?: No
Decisión: Sí
Razón: Cumple con AI+SE + 1 criterio adicional"
Scopus;Banh2025;Copiloting the future: How generative AI transforms Software Engineering;Banh, Leonardo and Holldack, Florian and Strobel, Gero;2025;Information and Software Technology;Sí;Sí;Sí;Sí;Sí;Cumple con criterios de inclusión (≥3/4);"[SCREENING] 2025-12-16
¿Menciona IA/ML/Generative AI explícitamente?: Sí
¿Contexto es software development/engineering?: Sí
¿Hay evidencia empírica (estudio, caso, survey)?: Sí
¿Aborda adopción, competencias, prácticas u organizacional?: Sí
Decisión: Sí
Razón: Cumple con criterios de inclusión (≥3/4)"
Scopus;Kozub2025463;Using artificial intelligence in software development processes: Achievements and challenges;Kozub, Vladyslav and Druzhynin, Valentyn and Trufanova, Diana and Ihnatenko, Pav;2025;Sustainable Engineering and Innovation;Sí;Sí;Sí;Sí;Sí;Cumple con criterios de inclusión (≥3/4);"[SCREENING] 2025-12-16
¿Menciona IA/ML/Generative AI explícitamente?: Sí
¿Contexto es software development/engineering?: Sí
¿Hay evidencia empírica (estudio, caso, survey)?: Sí
¿Aborda adopción, competencias, prácticas u organizacional?: Sí
Decisión: Sí
Razón: Cumple con criterios de inclusión (≥3/4)"
Scopus;Anderson2025;Emergence of Player Tactics by expert-guided Machine Learning: An industry tower defence case study;Anderson, Stuart and Falconer, Ruth E.;2025;Entertainment Computing;Sí;Sí;Sí;Sí;Sí;Cumple con criterios de inclusión (≥3/4);"[SCREENING] 2025-12-16
¿Menciona IA/ML/Generative AI explícitamente?: Sí
¿Contexto es software development/engineering?: Sí
¿Hay evidencia empírica (estudio, caso, survey)?: Sí
¿Aborda adopción, competencias, prácticas u organizacional?: Sí
Decisión: Sí
Razón: Cumple con criterios de inclusión (≥3/4)"
Scopus;Eshraghian20251659;AI in software programming: understanding emotional responses to GitHub Copilot;Eshraghian, Farjam and Hafezieh, Najmeh and Farivar, Farveh and de Cesare, Sergi;2025;Information Technology and People;Sí;Sí;Sí;Sí;Sí;Cumple con criterios de inclusión (≥3/4);"[SCREENING] 2025-12-16
¿Menciona IA/ML/Generative AI explícitamente?: Sí
¿Contexto es software development/engineering?: Sí
¿Hay evidencia empírica (estudio, caso, survey)?: Sí
¿Aborda adopción, competencias, prácticas u organizacional?: Sí
Decisión: Sí
Razón: Cumple con criterios de inclusión (≥3/4)"
Scopus;Johnstone2025;Using Machine Learning to Detect Vault (Anti-Forensic) Apps;Johnstone, Michael N. and Yang, Wencheng and Ahmed, Mohiuddin;2025;Future Internet;Sí;Sí;Sí;No;Sí;Cumple con criterios de inclusión (≥3/4);"[SCREENING] 2025-12-16
¿Menciona IA/ML/Generative AI explícitamente?: Sí
¿Contexto es software development/engineering?: Sí
¿Hay evidencia empírica (estudio, caso, survey)?: Sí
¿Aborda adopción, competencias, prácticas u organizacional?: No
Decisión: Sí
Razón: Cumple con criterios de inclusión (≥3/4)"
Scopus;Ramachandran2025;Rich Data Versus Quantity of Data in Code Generation AI: A Paradigm Shift for Healthcare;Ramachandran, Muthu and Fouracre, Steven;2025;Blockchain in Healthcare Today;Sí;Sí;Sí;Sí;No;Criterios de exclusión: medical_healthcare;"[SCREENING] 2025-12-16
¿Menciona IA/ML/Generative AI explícitamente?: Sí
¿Contexto es software development/engineering?: Sí
¿Hay evidencia empírica (estudio, caso, survey)?: Sí
¿Aborda adopción, competencias, prácticas u organizacional?: Sí
Decisión: No
Razón: Criterios de exclusión: medical_healthcare"
Scopus;Gaitantzi2025;The Role of Artificial Intelligence in Computer Science Education: A Systematic Review with a Focus on Database Instruction;Gaitantzi, Alkmini and Kazanidis, Ioannis K.;2025;Applied Sciences (Switzerland);Sí;Sí;Sí;Sí;Sí;Cumple con criterios de inclusión (≥3/4);"[SCREENING] 2025-12-16
¿Menciona IA/ML/Generative AI explícitamente?: Sí
¿Contexto es software development/engineering?: Sí
¿Hay evidencia empírica (estudio, caso, survey)?: Sí
¿Aborda adopción, competencias, prácticas u organizacional?: Sí
Decisión: Sí
Razón: Cumple con criterios de inclusión (≥3/4)"
Scopus;Haque2025;LLMs: A game-changer for software engineers?;Haque, Md Asraful;2025;BenchCouncil Transactions on Benchmarks, Standards and Evaluations;Sí;Sí;Sí;Sí;Sí;Cumple con criterios de inclusión (≥3/4);"[SCREENING] 2025-12-16
¿Menciona IA/ML/Generative AI explícitamente?: Sí
¿Contexto es software development/engineering?: Sí
¿Hay evidencia empírica (estudio, caso, survey)?: Sí
¿Aborda adopción, competencias, prácticas u organizacional?: Sí
Decisión: Sí
Razón: Cumple con criterios de inclusión (≥3/4)"
Scopus;Di Francesco2025;Risk management in the era of data-centric engineering;Di Francesco, Domenic;2025;Data-Centric Engineering;Sí;Sí;Sí;Sí;Sí;Cumple con criterios de inclusión (≥3/4);"[SCREENING] 2025-12-16
¿Menciona IA/ML/Generative AI explícitamente?: Sí
¿Contexto es software development/engineering?: Sí
¿Hay evidencia empírica (estudio, caso, survey)?: Sí
¿Aborda adopción, competencias, prácticas u organizacional?: Sí
Decisión: Sí
Razón: Cumple con criterios de inclusión (≥3/4)"
Scopus;Ramos2025;AI-Augmented Software Engineering: Revolutionizing or Challenging Software Quality and Testing?;Ramos, Tafline and Dean, Amanda and McGregor, David;2025;Journal of Software: Evolution and Process;Sí;Sí;Sí;Sí;Sí;Cumple con criterios de inclusión (≥3/4);"[SCREENING] 2025-12-16
¿Menciona IA/ML/Generative AI explícitamente?: Sí
¿Contexto es software development/engineering?: Sí
¿Hay evidencia empírica (estudio, caso, survey)?: Sí
¿Aborda adopción, competencias, prácticas u organizacional?: Sí
Decisión: Sí
Razón: Cumple con criterios de inclusión (≥3/4)"
Scopus;Quaranta2025;A multivocal literature review on the benefits and limitations of industry-leading AutoML tools;Quaranta, Luigi and Azevedo, Kelly and Calefato, Fabio and Kalinowski, M.;2025;Information and Software Technology;Sí;Sí;Sí;Sí;Sí;Cumple con criterios de inclusión (≥3/4);"[SCREENING] 2025-12-16
¿Menciona IA/ML/Generative AI explícitamente?: Sí
¿Contexto es software development/engineering?: Sí
¿Hay evidencia empírica (estudio, caso, survey)?: Sí
¿Aborda adopción, competencias, prácticas u organizacional?: Sí
Decisión: Sí
Razón: Cumple con criterios de inclusión (≥3/4)"
Scopus;Zhang2025;Enabling efficient and low-effort decentralized federated learning with the EdgeFL framework;Zhang, Hongyi and Bosch, Jan and Olsson, Helena Holmström;2025;Information and Software Technology;Sí;Sí;Sí;Sí;Sí;Cumple con criterios de inclusión (≥3/4);"[SCREENING] 2025-12-16
¿Menciona IA/ML/Generative AI explícitamente?: Sí
¿Contexto es software development/engineering?: Sí
¿Hay evidencia empírica (estudio, caso, survey)?: Sí
¿Aborda adopción, competencias, prácticas u organizacional?: Sí
Decisión: Sí
Razón: Cumple con criterios de inclusión (≥3/4)"
Scopus;Protschky202534518;What Gets Measured Gets Improved: Monitoring Machine Learning Applications in Their Production Environments;Protschky, Dominik and Lammermann, Luis and Hofmann, Peter and Urbach, Nils;2025;IEEE Access;Sí;Sí;Sí;Sí;Sí;Cumple con criterios de inclusión (≥3/4);"[SCREENING] 2025-12-16
¿Menciona IA/ML/Generative AI explícitamente?: Sí
¿Contexto es software development/engineering?: Sí
¿Hay evidencia empírica (estudio, caso, survey)?: Sí
¿Aborda adopción, competencias, prácticas u organizacional?: Sí
Decisión: Sí
Razón: Cumple con criterios de inclusión (≥3/4)"
Scopus;Mustaqeem2025866;Comprehensive Bibliographic Survey and Forward-Looking Recommendations for Software Defect Prediction: Datasets, Validation Methodologies, Prediction Approaches, and Tools;Mustaqeem, Mohd and Alam, Mahfooz and Mustajab, Suhel and Alshanketi, Faisal and;2025;IEEE Access;Sí;No;Sí;Sí;Sí;Cumple con criterios de inclusión (≥3/4);"[SCREENING] 2025-12-16
¿Menciona IA/ML/Generative AI explícitamente?: Sí
¿Contexto es software development/engineering?: No
¿Hay evidencia empírica (estudio, caso, survey)?: Sí
¿Aborda adopción, competencias, prácticas u organizacional?: Sí
Decisión: Sí
Razón: Cumple con criterios de inclusión (≥3/4)"
Scopus;Faraji2025183296;AI-Driven Software Test Automation: An AI4SE-Oriented Survey of Techniques, Tools, and Challenges;Faraji, Aazaade and Pombo, Nuno;2025;IEEE Access;Sí;Sí;Sí;Sí;Sí;Cumple con criterios de inclusión (≥3/4);"[SCREENING] 2025-12-16
¿Menciona IA/ML/Generative AI explícitamente?: Sí
¿Contexto es software development/engineering?: Sí
¿Hay evidencia empírica (estudio, caso, survey)?: Sí
¿Aborda adopción, competencias, prácticas u organizacional?: Sí
Decisión: Sí
Razón: Cumple con criterios de inclusión (≥3/4)"
Scopus;Burachynskyi202559;Overview of Artificial Intelligence Application Methods in Software Development;Burachynskyi, Andrii and Shantyr, Anton;2025;Informatica (Slovenia);Sí;Sí;Sí;Sí;Sí;Cumple con criterios de inclusión (≥3/4);"[SCREENING] 2025-12-16
¿Menciona IA/ML/Generative AI explícitamente?: Sí
¿Contexto es software development/engineering?: Sí
¿Hay evidencia empírica (estudio, caso, survey)?: Sí
¿Aborda adopción, competencias, prácticas u organizacional?: Sí
Decisión: Sí
Razón: Cumple con criterios de inclusión (≥3/4)"
Scopus;De La Cruz20253569;Redefining the Programmer: Human-AI Collaboration, LLMs, and Security in Modern Software Engineering;De La Cruz, Elyson and Le, Hanh and Meduri, Karthik and Nadella, Geeta Sandeep a;2025;Computers, Materials and Continua;Sí;Sí;Sí;Sí;Sí;Cumple con criterios de inclusión (≥3/4);"[SCREENING] 2025-12-16
¿Menciona IA/ML/Generative AI explícitamente?: Sí
¿Contexto es software development/engineering?: Sí
¿Hay evidencia empírica (estudio, caso, survey)?: Sí
¿Aborda adopción, competencias, prácticas u organizacional?: Sí
Decisión: Sí
Razón: Cumple con criterios de inclusión (≥3/4)"
Scopus;Novkin2025;Kolmogorov–Arnold Network for Transistor Compact Modeling;Novkin, Rodion and Amrouch, Hussam;2025;Advanced Intelligent Systems;Sí;No;Sí;Sí;Sí;Cumple con criterios de inclusión (≥3/4);"[SCREENING] 2025-12-16
¿Menciona IA/ML/Generative AI explícitamente?: Sí
¿Contexto es software development/engineering?: No
¿Hay evidencia empírica (estudio, caso, survey)?: Sí
¿Aborda adopción, competencias, prácticas u organizacional?: Sí
Decisión: Sí
Razón: Cumple con criterios de inclusión (≥3/4)"
Scopus;Izhar202583591;An Efficient Methodology for the Categorization of Software Requirements Using Natural Language Processing and Similarity Analysis;Izhar, Rahat and Cosh, Kenneth J. and Ramingwon, Lachana and Ramingwong, Sakgasi;2025;IEEE Access;Sí;Sí;Sí;Sí;Sí;Cumple con criterios de inclusión (≥3/4);"[SCREENING] 2025-12-16
¿Menciona IA/ML/Generative AI explícitamente?: Sí
¿Contexto es software development/engineering?: Sí
¿Hay evidencia empírica (estudio, caso, survey)?: Sí
¿Aborda adopción, competencias, prácticas u organizacional?: Sí
Decisión: Sí
Razón: Cumple con criterios de inclusión (≥3/4)"
Scopus;Jensen2025;Managing expectations towards AI tools for software development: a multiple-case study;Jensen, Victor Vadmand and Alami, Adam and Bruun, Anders Rysholt and Persson, Jo;2025;Information Systems and e-Business Management;Sí;Sí;Sí;Sí;Sí;Cumple con criterios de inclusión (≥3/4);"[SCREENING] 2025-12-16
¿Menciona IA/ML/Generative AI explícitamente?: Sí
¿Contexto es software development/engineering?: Sí
¿Hay evidencia empírica (estudio, caso, survey)?: Sí
¿Aborda adopción, competencias, prácticas u organizacional?: Sí
Decisión: Sí
Razón: Cumple con criterios de inclusión (≥3/4)"
Scopus;Ginde202560955;Rethinking Technological Investment and Cost-Benefit: A Software Requirements Dependency Extraction Case Study;Ginde, Gouri and Ruhe, Guenther and Chad Saunders, W. W.;2025;IEEE Access;Sí;Sí;Sí;Sí;No;Criterios de exclusión: editorial;"[SCREENING] 2025-12-16
¿Menciona IA/ML/Generative AI explícitamente?: Sí
¿Contexto es software development/engineering?: Sí
¿Hay evidencia empírica (estudio, caso, survey)?: Sí
¿Aborda adopción, competencias, prácticas u organizacional?: Sí
Decisión: No
Razón: Criterios de exclusión: editorial"
Scopus;Ogrizović2024;Quality assurance strategies for machine learning applications in big data analytics: an overview;Ogrizović, Mihajlo and Drašković, Dražen D. and Bojić, Dragan M.;2024;Journal of Big Data;Sí;Sí;No;Sí;Sí;Cumple con criterios de inclusión (≥3/4);"[SCREENING] 2025-12-16
¿Menciona IA/ML/Generative AI explícitamente?: Sí
¿Contexto es software development/engineering?: Sí
¿Hay evidencia empírica (estudio, caso, survey)?: No
¿Aborda adopción, competencias, prácticas u organizacional?: Sí
Decisión: Sí
Razón: Cumple con criterios de inclusión (≥3/4)"
Scopus;Poddar2024;An operational guide to translational clinical machine learning in academic medical centers;Poddar, Mukund and Marwaha, Jayson S. and Yuan, William and Romero-Brufau, Santi;2024;npj Digital Medicine;Sí;Sí;Sí;Sí;No;Criterios de exclusión: medical_healthcare;"[SCREENING] 2025-12-16
¿Menciona IA/ML/Generative AI explícitamente?: Sí
¿Contexto es software development/engineering?: Sí
¿Hay evidencia empírica (estudio, caso, survey)?: Sí
¿Aborda adopción, competencias, prácticas u organizacional?: Sí
Decisión: No
Razón: Criterios de exclusión: medical_healthcare"
Scopus;Jiang2024;Challenges and practices of deep learning model reengineering: A case study on computer vision;Jiang, Wenxin and Banna, Vishnu and Vivek, Naveen and Goel, Abhinav and Synovic,;2024;Empirical Software Engineering;Sí;Sí;Sí;Sí;Sí;Cumple con criterios de inclusión (≥3/4);"[SCREENING] 2025-12-16
¿Menciona IA/ML/Generative AI explícitamente?: Sí
¿Contexto es software development/engineering?: Sí
¿Hay evidencia empírica (estudio, caso, survey)?: Sí
¿Aborda adopción, competencias, prácticas u organizacional?: Sí
Decisión: Sí
Razón: Cumple con criterios de inclusión (≥3/4)"
Scopus;Eramo2024;An architecture for model-based and intelligent automation in DevOps;Eramo, Romina and Said, Bilal and Oriol, Marc and Bruneliere, Hugo and Morales, ;2024;Journal of Systems and Software;Sí;Sí;Sí;Sí;Sí;Cumple con criterios de inclusión (≥3/4);"[SCREENING] 2025-12-16
¿Menciona IA/ML/Generative AI explícitamente?: Sí
¿Contexto es software development/engineering?: Sí
¿Hay evidencia empírica (estudio, caso, survey)?: Sí
¿Aborda adopción, competencias, prácticas u organizacional?: Sí
Decisión: Sí
Razón: Cumple con criterios de inclusión (≥3/4)"
Scopus;Maier2024;CausalOps — Towards an industrial lifecycle for causal probabilistic graphical models;Maier, Robert and Schlattl, Andreas and Guess, Thomas and Mottok, Jǘrgen Horst;2024;Information and Software Technology;Sí;Sí;Sí;Sí;Sí;Cumple con criterios de inclusión (≥3/4);"[SCREENING] 2025-12-16
¿Menciona IA/ML/Generative AI explícitamente?: Sí
¿Contexto es software development/engineering?: Sí
¿Hay evidencia empírica (estudio, caso, survey)?: Sí
¿Aborda adopción, competencias, prácticas u organizacional?: Sí
Decisión: Sí
Razón: Cumple con criterios de inclusión (≥3/4)"
Scopus;Mohammad2024555;Challenges of Integrating Artificial Intelligence in Software Project Planning: A Systematic Literature Review;Mohammad, Abdulghafour and Chirchir, Brian;2024;Digital;Sí;Sí;Sí;Sí;Sí;Cumple con criterios de inclusión (≥3/4);"[SCREENING] 2025-12-16
¿Menciona IA/ML/Generative AI explícitamente?: Sí
¿Contexto es software development/engineering?: Sí
¿Hay evidencia empírica (estudio, caso, survey)?: Sí
¿Aborda adopción, competencias, prácticas u organizacional?: Sí
Decisión: Sí
Razón: Cumple con criterios de inclusión (≥3/4)"
Scopus;Schuszter2024;Increasing the Reliability of Software Systems Using a Large-Language-Model-Based Solution for Onboarding;Schuszter, Ioan Cristian and Marius, Cioca;2024;Inventions;Sí;Sí;No;Sí;Sí;Cumple con criterios de inclusión (≥3/4);"[SCREENING] 2025-12-16
¿Menciona IA/ML/Generative AI explícitamente?: Sí
¿Contexto es software development/engineering?: Sí
¿Hay evidencia empírica (estudio, caso, survey)?: No
¿Aborda adopción, competencias, prácticas u organizacional?: Sí
Decisión: Sí
Razón: Cumple con criterios de inclusión (≥3/4)"
Scopus;Russo2024;Navigating the Complexity of Generative AI Adoption in Software Engineering;Russo, Daniel;2024;ACM Transactions on Software Engineering and Methodology;Sí;Sí;Sí;Sí;Sí;Cumple con criterios de inclusión (≥3/4);"[SCREENING] 2025-12-16
¿Menciona IA/ML/Generative AI explícitamente?: Sí
¿Contexto es software development/engineering?: Sí
¿Hay evidencia empírica (estudio, caso, survey)?: Sí
¿Aborda adopción, competencias, prácticas u organizacional?: Sí
Decisión: Sí
Razón: Cumple con criterios de inclusión (≥3/4)"
Scopus;Wei2024187;Irrigation with Artificial Intelligence: Problems, Premises, Promises;Wei, Hanyu and Xu, Wen and Kang, Byeong and Eisner, Rowan and Muleke, Albert and;2024;Human-Centric Intelligent Systems;Sí;Sí;No;No;Sí;Cumple con AI+SE + 1 criterio adicional;"[SCREENING] 2025-12-16
¿Menciona IA/ML/Generative AI explícitamente?: Sí
¿Contexto es software development/engineering?: Sí
¿Hay evidencia empírica (estudio, caso, survey)?: No
¿Aborda adopción, competencias, prácticas u organizacional?: No
Decisión: Sí
Razón: Cumple con AI+SE + 1 criterio adicional"
Scopus;Olivares2024;Intelligent Learning-Based Methods for Determining the Ideal Team Size in Agile Practices;Olivares, Rodrigo and Noel, Rene Alejandro and Guzmán, Sebastián M. and Miranda,;2024;Biomimetics;Sí;Sí;No;Sí;Sí;Cumple con criterios de inclusión (≥3/4);"[SCREENING] 2025-12-16
¿Menciona IA/ML/Generative AI explícitamente?: Sí
¿Contexto es software development/engineering?: Sí
¿Hay evidencia empírica (estudio, caso, survey)?: No
¿Aborda adopción, competencias, prácticas u organizacional?: Sí
Decisión: Sí
Razón: Cumple con criterios de inclusión (≥3/4)"
Scopus;Naveed2024;Model driven engineering for machine learning components: A systematic literature review;Naveed, Hira and Arora, Chetan and Khalajzadeh, Hourieh and Grundy, John C. and ;2024;Information and Software Technology;Sí;Sí;Sí;Sí;Sí;Cumple con criterios de inclusión (≥3/4);"[SCREENING] 2025-12-16
¿Menciona IA/ML/Generative AI explícitamente?: Sí
¿Contexto es software development/engineering?: Sí
¿Hay evidencia empírica (estudio, caso, survey)?: Sí
¿Aborda adopción, competencias, prácticas u organizacional?: Sí
Decisión: Sí
Razón: Cumple con criterios de inclusión (≥3/4)"
Scopus;Skuridin2024;Chatbot Design and Implementation: Towards an Operational Model for Chatbots;Skuridin, Alexander and Wynn, Martin George;2024;Information (Switzerland);Sí;Sí;No;Sí;Sí;Cumple con criterios de inclusión (≥3/4);"[SCREENING] 2025-12-16
¿Menciona IA/ML/Generative AI explícitamente?: Sí
¿Contexto es software development/engineering?: Sí
¿Hay evidencia empírica (estudio, caso, survey)?: No
¿Aborda adopción, competencias, prácticas u organizacional?: Sí
Decisión: Sí
Razón: Cumple con criterios de inclusión (≥3/4)"
Scopus;Garikapati2024;Autonomous Vehicles: Evolution of Artificial Intelligence and the Current Industry Landscape;Garikapati, Divya and Shetiya, Sneha Sudhir;2024;Big Data and Cognitive Computing;Sí;Sí;Sí;No;Sí;Cumple con criterios de inclusión (≥3/4);"[SCREENING] 2025-12-16
¿Menciona IA/ML/Generative AI explícitamente?: Sí
¿Contexto es software development/engineering?: Sí
¿Hay evidencia empírica (estudio, caso, survey)?: Sí
¿Aborda adopción, competencias, prácticas u organizacional?: No
Decisión: Sí
Razón: Cumple con criterios de inclusión (≥3/4)"
Scopus;Abdullahi2024;Towards a Distributed Digital Twin Framework for Predictive Maintenance in Industrial Internet of Things (IIoT);Abdullahi, Ibrahim and Longo, Stefano and Samie, Mohammad;2024;Sensors;Sí;Sí;Sí;Sí;Sí;Cumple con criterios de inclusión (≥3/4);"[SCREENING] 2025-12-16
¿Menciona IA/ML/Generative AI explícitamente?: Sí
¿Contexto es software development/engineering?: Sí
¿Hay evidencia empírica (estudio, caso, survey)?: Sí
¿Aborda adopción, competencias, prácticas u organizacional?: Sí
Decisión: Sí
Razón: Cumple con criterios de inclusión (≥3/4)"
Scopus;Duda2024203;The Impact of Resource Allocation on the Machine Learning Lifecycle: Bridging the Gap between Software Engineering and Management;Duda, Sebastian and Hofmann, Peter and Urbach, Nils and Völter, Fabiane and Zwic;2024;Business and Information Systems Engineering;Sí;Sí;Sí;Sí;No;Criterios de exclusión: editorial;"[SCREENING] 2025-12-16
¿Menciona IA/ML/Generative AI explícitamente?: Sí
¿Contexto es software development/engineering?: Sí
¿Hay evidencia empírica (estudio, caso, survey)?: Sí
¿Aborda adopción, competencias, prácticas u organizacional?: Sí
Decisión: No
Razón: Criterios de exclusión: editorial"
Scopus;Kanbach20241189;The GenAI is out of the bottle: generative artificial intelligence from a business model innovation perspective;Kanbach, Dominik K. and Heiduk, Louisa and Blueher, Georg and Schreiter, Maximil;2024;Review of Managerial Science;Sí;Sí;Sí;Sí;No;Criterios de exclusión: medical_healthcare, editorial;"[SCREENING] 2025-12-16
¿Menciona IA/ML/Generative AI explícitamente?: Sí
¿Contexto es software development/engineering?: Sí
¿Hay evidencia empírica (estudio, caso, survey)?: Sí
¿Aborda adopción, competencias, prácticas u organizacional?: Sí
Decisión: No
Razón: Criterios de exclusión: medical_healthcare, editorial"
Scopus;Schrijver2024;Automobile insurance fraud detection using data mining: A systematic literature review;Schrijver, Gilian and Sarmah, Dipti Kapoor and el-Hajj, Mohammed Ibrahim;2024;Intelligent Systems with Applications;Sí;Sí;Sí;No;Sí;Cumple con criterios de inclusión (≥3/4);"[SCREENING] 2025-12-16
¿Menciona IA/ML/Generative AI explícitamente?: Sí
¿Contexto es software development/engineering?: Sí
¿Hay evidencia empírica (estudio, caso, survey)?: Sí
¿Aborda adopción, competencias, prácticas u organizacional?: No
Decisión: Sí
Razón: Cumple con criterios de inclusión (≥3/4)"
Scopus;Ferrara2024;Fairness-aware machine learning engineering: how far are we?;Ferrara, Carmine and Sellitto, Giulia and Ferrucci, Filomena and Palomba, Fabio ;2024;Empirical Software Engineering;Sí;Sí;Sí;Sí;No;Criterios de exclusión: editorial;"[SCREENING] 2025-12-16
¿Menciona IA/ML/Generative AI explícitamente?: Sí
¿Contexto es software development/engineering?: Sí
¿Hay evidencia empírica (estudio, caso, survey)?: Sí
¿Aborda adopción, competencias, prácticas u organizacional?: Sí
Decisión: No
Razón: Criterios de exclusión: editorial"
Scopus;Hong2024193717;Implementing and Evaluating Automated Bug Triage in Industrial Projects;Hong, Hyun-taek and Wang, Daesung and Kim, Sejin and Sung, Hoon and Park, Chang-;2024;IEEE Access;Sí;Sí;Sí;Sí;Sí;Cumple con criterios de inclusión (≥3/4);"[SCREENING] 2025-12-16
¿Menciona IA/ML/Generative AI explícitamente?: Sí
¿Contexto es software development/engineering?: Sí
¿Hay evidencia empírica (estudio, caso, survey)?: Sí
¿Aborda adopción, competencias, prácticas u organizacional?: Sí
Decisión: Sí
Razón: Cumple con criterios de inclusión (≥3/4)"
Scopus;Millam2024;CODING WITH AI AS AN ASSISTANT: CAN AI GENERATE CONCISE COMPUTER CODE?;Millam, Andrew and Bakke, Christine;2024;Journal of Information Technology Education: Innovations in Practice;Sí;Sí;Sí;Sí;Sí;Cumple con criterios de inclusión (≥3/4);"[SCREENING] 2025-12-16
¿Menciona IA/ML/Generative AI explícitamente?: Sí
¿Contexto es software development/engineering?: Sí
¿Hay evidencia empírica (estudio, caso, survey)?: Sí
¿Aborda adopción, competencias, prácticas u organizacional?: Sí
Decisión: Sí
Razón: Cumple con criterios de inclusión (≥3/4)"
Scopus;Mahida20241;Integrating Observability with DevOps Practices in Financial Services Technologies: A Study on Enhancing Software Development and Operational Resilience;Mahida, Ankur Harendrasinh;2024;International Journal of Advanced Computer Science and Applications;Sí;Sí;Sí;Sí;No;Criterios de exclusión: editorial;"[SCREENING] 2025-12-16
¿Menciona IA/ML/Generative AI explícitamente?: Sí
¿Contexto es software development/engineering?: Sí
¿Hay evidencia empírica (estudio, caso, survey)?: Sí
¿Aborda adopción, competencias, prácticas u organizacional?: Sí
Decisión: No
Razón: Criterios de exclusión: editorial"
Scopus;Iqbal20245031;Enhancing Secure Development in Globally Distributed Software Product Lines: A Machine Learning-Powered Framework for Cyber-Resilient Ecosystems;Iqbal, Marya and Hafeez, Yasir and Almashfi, Nabil and Alsirhani, Amjad and Alse;2024;Computers, Materials and Continua;Sí;Sí;Sí;No;No;Criterios de exclusión: editorial;"[SCREENING] 2025-12-16
¿Menciona IA/ML/Generative AI explícitamente?: Sí
¿Contexto es software development/engineering?: Sí
¿Hay evidencia empírica (estudio, caso, survey)?: Sí
¿Aborda adopción, competencias, prácticas u organizacional?: No
Decisión: No
Razón: Criterios de exclusión: editorial"
Scopus;Malik202499382;A Systematic Review of Adversarial Machine Learning Attacks, Defensive Controls, and Technologies;Malik, Jasmita and Raja, M. M. and Pawar, Pranav M.;2024;IEEE Access;Sí;Sí;No;Sí;No;Criterios de exclusión: medical_healthcare;"[SCREENING] 2025-12-16
¿Menciona IA/ML/Generative AI explícitamente?: Sí
¿Contexto es software development/engineering?: Sí
¿Hay evidencia empírica (estudio, caso, survey)?: No
¿Aborda adopción, competencias, prácticas u organizacional?: Sí
Decisión: No
Razón: Criterios de exclusión: medical_healthcare"
Scopus;Vänskä2024;Continuous Software Engineering Practices in AI/ML Development Past the Narrow Lens of MLOps: Adoption Challenges;Vänskä, Sini and Kemell, Kai Kristian and Mikkonen, Tommi and Abrahamsson, Pekka;2024;E-Informatica Software Engineering Journal;Sí;Sí;Sí;Sí;Sí;Cumple con criterios de inclusión (≥3/4);"[SCREENING] 2025-12-16
¿Menciona IA/ML/Generative AI explícitamente?: Sí
¿Contexto es software development/engineering?: Sí
¿Hay evidencia empírica (estudio, caso, survey)?: Sí
¿Aborda adopción, competencias, prácticas u organizacional?: Sí
Decisión: Sí
Razón: Cumple con criterios de inclusión (≥3/4)"
Scopus;Bahi202454;Integrating Generative AI for Advancing Agile Software Development and Mitigating Project Management Challenges;Bahi, Anas and Gharib, Jihane and Gahi, Youssef;2024;International Journal of Advanced Computer Science and Applications;Sí;Sí;Sí;Sí;Sí;Cumple con criterios de inclusión (≥3/4);"[SCREENING] 2025-12-16
¿Menciona IA/ML/Generative AI explícitamente?: Sí
¿Contexto es software development/engineering?: Sí
¿Hay evidencia empírica (estudio, caso, survey)?: Sí
¿Aborda adopción, competencias, prácticas u organizacional?: Sí
Decisión: Sí
Razón: Cumple con criterios de inclusión (≥3/4)"
Scopus;Ciancarini202422841;Digital Transformation in the Public Administrations: A Guided Tour for Computer Scientists;Ciancarini, Paolo and Giancarlo, Raffaele and Grimaudo, Gennaro;2024;IEEE Access;Sí;Sí;Sí;Sí;Sí;Cumple con criterios de inclusión (≥3/4);"[SCREENING] 2025-12-16
¿Menciona IA/ML/Generative AI explícitamente?: Sí
¿Contexto es software development/engineering?: Sí
¿Hay evidencia empírica (estudio, caso, survey)?: Sí
¿Aborda adopción, competencias, prácticas u organizacional?: Sí
Decisión: Sí
Razón: Cumple con criterios de inclusión (≥3/4)"
Scopus;Rahman20231065;Machine learning application development: practitioners’ insights;Rahman, Md Saidur and Khomh, Foutse and Hamidi, Alaleh and Cheng, Jinghui and An;2023;Software Quality Journal;Sí;Sí;Sí;Sí;Sí;Cumple con criterios de inclusión (≥3/4);"[SCREENING] 2025-12-16
¿Menciona IA/ML/Generative AI explícitamente?: Sí
¿Contexto es software development/engineering?: Sí
¿Hay evidencia empírica (estudio, caso, survey)?: Sí
¿Aborda adopción, competencias, prácticas u organizacional?: Sí
Decisión: Sí
Razón: Cumple con criterios de inclusión (≥3/4)"
Scopus;Martins2023;Combining low-code development with ChatGPT to novel no-code approaches: A focus-group study;Martins, José Luís Bandeira and Branco, Frederico Augusto and Mamede, Henrique S;2023;Intelligent Systems with Applications;Sí;Sí;Sí;Sí;Sí;Cumple con criterios de inclusión (≥3/4);"[SCREENING] 2025-12-16
¿Menciona IA/ML/Generative AI explícitamente?: Sí
¿Contexto es software development/engineering?: Sí
¿Hay evidencia empírica (estudio, caso, survey)?: Sí
¿Aborda adopción, competencias, prácticas u organizacional?: Sí
Decisión: Sí
Razón: Cumple con criterios de inclusión (≥3/4)"
Scopus;Obie2023;Automated detection, categorisation and developers’ experience with the violations of honesty in mobile apps;Obie, Humphrey O. and Du, Hung and Madampe, Kashumi and Shahin, Mojtaba and Ilek;2023;Empirical Software Engineering;Sí;Sí;Sí;Sí;No;Criterios de exclusión: editorial;"[SCREENING] 2025-12-16
¿Menciona IA/ML/Generative AI explícitamente?: Sí
¿Contexto es software development/engineering?: Sí
¿Hay evidencia empírica (estudio, caso, survey)?: Sí
¿Aborda adopción, competencias, prácticas u organizacional?: Sí
Decisión: No
Razón: Criterios de exclusión: editorial"
Scopus;Sangaroonsilp2023;An empirical study of automated privacy requirements classification in issue reports;Sangaroonsilp, Pattaraporn and Choetkiertikul, Morakot and Dam, Hoa Khanh and Gh;2023;Automated Software Engineering;Sí;Sí;Sí;Sí;Sí;Cumple con criterios de inclusión (≥3/4);"[SCREENING] 2025-12-16
¿Menciona IA/ML/Generative AI explícitamente?: Sí
¿Contexto es software development/engineering?: Sí
¿Hay evidencia empírica (estudio, caso, survey)?: Sí
¿Aborda adopción, competencias, prácticas u organizacional?: Sí
Decisión: Sí
Razón: Cumple con criterios de inclusión (≥3/4)"
Scopus;Ballingall2023;Standards relevant to automated driving system safety: A systematic assessment;Ballingall, Stuart and Sarvi, Majid and Sweatman, Peter F.;2023;Transportation Engineering;Sí;Sí;No;No;Sí;Cumple con AI+SE + 1 criterio adicional;"[SCREENING] 2025-12-16
¿Menciona IA/ML/Generative AI explícitamente?: Sí
¿Contexto es software development/engineering?: Sí
¿Hay evidencia empírica (estudio, caso, survey)?: No
¿Aborda adopción, competencias, prácticas u organizacional?: No
Decisión: Sí
Razón: Cumple con AI+SE + 1 criterio adicional"
Scopus;Ahmad2023;Requirements practices and gaps when engineering human-centered Artificial Intelligence systems;Ahmad, Khlood and Abdelrazek, Mohamed Almorsy and Arora, Chetan and Bano, Muneer;2023;Applied Soft Computing;Sí;Sí;Sí;Sí;Sí;Cumple con criterios de inclusión (≥3/4);"[SCREENING] 2025-12-16
¿Menciona IA/ML/Generative AI explícitamente?: Sí
¿Contexto es software development/engineering?: Sí
¿Hay evidencia empírica (estudio, caso, survey)?: Sí
¿Aborda adopción, competencias, prácticas u organizacional?: Sí
Decisión: Sí
Razón: Cumple con criterios de inclusión (≥3/4)"
Scopus;Srivastava2023160;An Intelligent Framework for Estimating Software Development Projects using Machine Learning;Srivastava, Prateek and Srivastava, Nidhi and Agrawal, Rashi C. and Singh, Pawan;2023;International Journal on Recent and Innovation Trends in Computing and Communication;Sí;Sí;No;No;No;Criterios de exclusión: medical_healthcare;"[SCREENING] 2025-12-16
¿Menciona IA/ML/Generative AI explícitamente?: Sí
¿Contexto es software development/engineering?: Sí
¿Hay evidencia empírica (estudio, caso, survey)?: No
¿Aborda adopción, competencias, prácticas u organizacional?: No
Decisión: No
Razón: Criterios de exclusión: medical_healthcare"
Scopus;Steidl2023;The pipeline for the continuous development of artificial intelligence models—Current state of research and practice;Steidl, Monika and Felderer, Michael and Ramler, Rudolf;2023;Journal of Systems and Software;Sí;Sí;Sí;Sí;Sí;Cumple con criterios de inclusión (≥3/4);"[SCREENING] 2025-12-16
¿Menciona IA/ML/Generative AI explícitamente?: Sí
¿Contexto es software development/engineering?: Sí
¿Hay evidencia empírica (estudio, caso, survey)?: Sí
¿Aborda adopción, competencias, prácticas u organizacional?: Sí
Decisión: Sí
Razón: Cumple con criterios de inclusión (≥3/4)"
Scopus;Veitía2023;"Analysis and comparison of deep learning models for user stories identification; Análisis y comparación de modelos de aprendizaje profundo para la identificación de historias de usuario";Veitía, Francisco Javier Peña and Roldán, María Luciana and Vegetti, Marcela;2023;Ingeniare;Sí;Sí;Sí;Sí;Sí;Cumple con criterios de inclusión (≥3/4);"[SCREENING] 2025-12-16
¿Menciona IA/ML/Generative AI explícitamente?: Sí
¿Contexto es software development/engineering?: Sí
¿Hay evidencia empírica (estudio, caso, survey)?: Sí
¿Aborda adopción, competencias, prácticas u organizacional?: Sí
Decisión: Sí
Razón: Cumple con criterios de inclusión (≥3/4)"
Scopus;Anwar2023143815;A Systematic Literature Review of AI-Based Software Requirements Prioritization Techniques;Anwar, Rahila and Bashir, Muhammad Bilal;2023;IEEE Access;Sí;Sí;Sí;Sí;Sí;Cumple con criterios de inclusión (≥3/4);"[SCREENING] 2025-12-16
¿Menciona IA/ML/Generative AI explícitamente?: Sí
¿Contexto es software development/engineering?: Sí
¿Hay evidencia empírica (estudio, caso, survey)?: Sí
¿Aborda adopción, competencias, prácticas u organizacional?: Sí
Decisión: Sí
Razón: Cumple con criterios de inclusión (≥3/4)"
Scopus;Yejian2023142447;Review Classification Based on Machine Learning: Classifying Game User Reviews;Yejian, Zhang and Takada, Shingo;2023;IEEE Access;Sí;Sí;No;Sí;Sí;Cumple con criterios de inclusión (≥3/4);"[SCREENING] 2025-12-16
¿Menciona IA/ML/Generative AI explícitamente?: Sí
¿Contexto es software development/engineering?: Sí
¿Hay evidencia empírica (estudio, caso, survey)?: No
¿Aborda adopción, competencias, prácticas u organizacional?: Sí
Decisión: Sí
Razón: Cumple con criterios de inclusión (≥3/4)"
Scopus;Bocu2023123924;An Extended Survey Concerning the Significance of Artificial Intelligence and Machine Learning Techniques for Bug Triage and Management;Bocu, Rǎzvan and Baicoianu, Alexandra and Kerestely, Arpad;2023;IEEE Access;Sí;Sí;Sí;Sí;No;Criterios de exclusión: duplicate;"[SCREENING] 2025-12-16
¿Menciona IA/ML/Generative AI explícitamente?: Sí
¿Contexto es software development/engineering?: Sí
¿Hay evidencia empírica (estudio, caso, survey)?: Sí
¿Aborda adopción, competencias, prácticas u organizacional?: Sí
Decisión: No
Razón: Criterios de exclusión: duplicate"
Scopus;Arias-Barahona2023;Requests classification in the customer service area for software companies using machine learning and natural language processing;Arias-Barahona, María Ximena and Arteaga-Arteaga, Harold Brayan and Orozco-Arias;2023;PeerJ Computer Science;Sí;Sí;Sí;Sí;Sí;Cumple con criterios de inclusión (≥3/4);"[SCREENING] 2025-12-16
¿Menciona IA/ML/Generative AI explícitamente?: Sí
¿Contexto es software development/engineering?: Sí
¿Hay evidencia empírica (estudio, caso, survey)?: Sí
¿Aborda adopción, competencias, prácticas u organizacional?: Sí
Decisión: Sí
Razón: Cumple con criterios de inclusión (≥3/4)"
Scopus;Rana2023;A step toward building a unified framework for managing AI bias;Rana, Saadia Afzal and Azizul, Zati Hakim and Awan, Ali Afzal;2023;PeerJ Computer Science;Sí;Sí;Sí;Sí;Sí;Cumple con criterios de inclusión (≥3/4);"[SCREENING] 2025-12-16
¿Menciona IA/ML/Generative AI explícitamente?: Sí
¿Contexto es software development/engineering?: Sí
¿Hay evidencia empírica (estudio, caso, survey)?: Sí
¿Aborda adopción, competencias, prácticas u organizacional?: Sí
Decisión: Sí
Razón: Cumple con criterios de inclusión (≥3/4)"
Scopus;Jadhav202383523;Effective Software Effort Estimation Leveraging Machine Learning for Digital Transformation;Jadhav, Akshay and Kumar Shandilya, Shishir Kumar and Izonin, Ivan V. and Gregus;2023;IEEE Access;Sí;Sí;Sí;Sí;Sí;Cumple con criterios de inclusión (≥3/4);"[SCREENING] 2025-12-16
¿Menciona IA/ML/Generative AI explícitamente?: Sí
¿Contexto es software development/engineering?: Sí
¿Hay evidencia empírica (estudio, caso, survey)?: Sí
¿Aborda adopción, competencias, prácticas u organizacional?: Sí
Decisión: Sí
Razón: Cumple con criterios de inclusión (≥3/4)"
Scopus;Olaleye2023;Predictive Analytics and Software Defect Severity: A Systematic Review and Future Directions;Olaleye, Taiwo Olapeju and Arogundade, O. T. and Sanjay, Misra and Abayomi-Alli,;2023;Scientific Programming;Sí;Sí;Sí;No;No;Criterios de exclusión: pure_theory;"[SCREENING] 2025-12-16
¿Menciona IA/ML/Generative AI explícitamente?: Sí
¿Contexto es software development/engineering?: Sí
¿Hay evidencia empírica (estudio, caso, survey)?: Sí
¿Aborda adopción, competencias, prácticas u organizacional?: No
Decisión: No
Razón: Criterios de exclusión: pure_theory"
Scopus;Georgiou2023;Data-Oriented Software Development: The Industrial Landscape through Patent Analysis;Georgiou, Konstantinos and Mittas, Nikolaos and Ampatzoglou, Apostolos and Chatz;2023;Information (Switzerland);Sí;Sí;Sí;Sí;Sí;Cumple con criterios de inclusión (≥3/4);"[SCREENING] 2025-12-16
¿Menciona IA/ML/Generative AI explícitamente?: Sí
¿Contexto es software development/engineering?: Sí
¿Hay evidencia empírica (estudio, caso, survey)?: Sí
¿Aborda adopción, competencias, prácticas u organizacional?: Sí
Decisión: Sí
Razón: Cumple con criterios de inclusión (≥3/4)"
Scopus;Hayashi2022;A TDD Framework for Automated Monitoring in Internet of Things with Machine Learning †;Hayashi, Victor Takashi and Ruggiero, Wilson Vicente and Estrella, Júlio Ćezar a;2022;Sensors;Sí;Sí;Sí;Sí;Sí;Cumple con criterios de inclusión (≥3/4);"[SCREENING] 2025-12-16
¿Menciona IA/ML/Generative AI explícitamente?: Sí
¿Contexto es software development/engineering?: Sí
¿Hay evidencia empírica (estudio, caso, survey)?: Sí
¿Aborda adopción, competencias, prácticas u organizacional?: Sí
Decisión: Sí
Razón: Cumple con criterios de inclusión (≥3/4)"
Scopus;Mazumdar2022;Towards a better blockchainification of supply chain applications;Mazumdar, Somnath;2022;Systems and Soft Computing;Sí;Sí;No;Sí;Sí;Cumple con criterios de inclusión (≥3/4);"[SCREENING] 2025-12-16
¿Menciona IA/ML/Generative AI explícitamente?: Sí
¿Contexto es software development/engineering?: Sí
¿Hay evidencia empírica (estudio, caso, survey)?: No
¿Aborda adopción, competencias, prácticas u organizacional?: Sí
Decisión: Sí
Razón: Cumple con criterios de inclusión (≥3/4)"
Scopus;Assadi2022;An integration engineering framework for machine learning in healthcare;Assadi, Azadeh and Laussen, Peter C. and Goodwin, Andrew James and Goodfellow, S;2022;Frontiers in Digital Health;Sí;Sí;No;Sí;No;Criterios de exclusión: medical_healthcare;"[SCREENING] 2025-12-16
¿Menciona IA/ML/Generative AI explícitamente?: Sí
¿Contexto es software development/engineering?: Sí
¿Hay evidencia empírica (estudio, caso, survey)?: No
¿Aborda adopción, competencias, prácticas u organizacional?: Sí
Decisión: No
Razón: Criterios de exclusión: medical_healthcare"
Scopus;Chahar2022376;Performance Analysis of Software Test Effort Estimation using Genetic Algorithm and Neural Network;Chahar, Vikas and Bhatia, Pradeep Kumar;2022;International Journal of Advanced Computer Science and Applications;Sí;Sí;Sí;Sí;Sí;Cumple con criterios de inclusión (≥3/4);"[SCREENING] 2025-12-16
¿Menciona IA/ML/Generative AI explícitamente?: Sí
¿Contexto es software development/engineering?: Sí
¿Hay evidencia empírica (estudio, caso, survey)?: Sí
¿Aborda adopción, competencias, prácticas u organizacional?: Sí
Decisión: Sí
Razón: Cumple con criterios de inclusión (≥3/4)"
Scopus;Alshammari2022;Trends in Intelligent and AI-Based Software Engineering Processes: A Deep Learning-Based Software Process Model Recommendation Method;Alshammari, Fahad H.;2022;Computational Intelligence and Neuroscience;Sí;Sí;Sí;Sí;No;Criterios de exclusión: editorial;"[SCREENING] 2025-12-16
¿Menciona IA/ML/Generative AI explícitamente?: Sí
¿Contexto es software development/engineering?: Sí
¿Hay evidencia empírica (estudio, caso, survey)?: Sí
¿Aborda adopción, competencias, prácticas u organizacional?: Sí
Decisión: No
Razón: Criterios de exclusión: editorial"
Scopus;Hassan2022111;Risk Prediction Applied to Global Software Development using Machine Learning Methods;Hassan, Hossam and Abdel-Fattah, Manal A. and Ghoneim, Amr S.;2022;International Journal of Advanced Computer Science and Applications;Sí;Sí;Sí;No;Sí;Cumple con criterios de inclusión (≥3/4);"[SCREENING] 2025-12-16
¿Menciona IA/ML/Generative AI explícitamente?: Sí
¿Contexto es software development/engineering?: Sí
¿Hay evidencia empírica (estudio, caso, survey)?: Sí
¿Aborda adopción, competencias, prácticas u organizacional?: No
Decisión: Sí
Razón: Cumple con criterios de inclusión (≥3/4)"
Scopus;Hai202283249;Toward Improving the Efficiency of Software Development Effort Estimation via Clustering Analysis;Hai, Vo Van and Thi Kim Nhung, Ho Le and Prokopová, Zdenka and Silhavy, Radek an;2022;IEEE Access;Sí;Sí;Sí;Sí;Sí;Cumple con criterios de inclusión (≥3/4);"[SCREENING] 2025-12-16
¿Menciona IA/ML/Generative AI explícitamente?: Sí
¿Contexto es software development/engineering?: Sí
¿Hay evidencia empírica (estudio, caso, survey)?: Sí
¿Aborda adopción, competencias, prácticas u organizacional?: Sí
Decisión: Sí
Razón: Cumple con criterios de inclusión (≥3/4)"
Scopus;Sofian202251021;Systematic Mapping: Artificial Intelligence Techniques in Software Engineering;Sofian, Hazrina and Md Yunus, Nur Arzilawati and Binti Ahmad, Rodina Binti;2022;IEEE Access;Sí;Sí;Sí;Sí;Sí;Cumple con criterios de inclusión (≥3/4);"[SCREENING] 2025-12-16
¿Menciona IA/ML/Generative AI explícitamente?: Sí
¿Contexto es software development/engineering?: Sí
¿Hay evidencia empírica (estudio, caso, survey)?: Sí
¿Aborda adopción, competencias, prácticas u organizacional?: Sí
Decisión: Sí
Razón: Cumple con criterios de inclusión (≥3/4)"
Scopus;Gupt202238694;GELAB - The Cutting Edge of Grammatical Evolution;Gupt, Krishn Kumar and Youssef, Ayman and Murphy, Aidan and Raja, Muhammad Adil ;2022;IEEE Access;Sí;Sí;Sí;No;Sí;Cumple con criterios de inclusión (≥3/4);"[SCREENING] 2025-12-16
¿Menciona IA/ML/Generative AI explícitamente?: Sí
¿Contexto es software development/engineering?: Sí
¿Hay evidencia empírica (estudio, caso, survey)?: Sí
¿Aborda adopción, competencias, prácticas u organizacional?: No
Decisión: Sí
Razón: Cumple con criterios de inclusión (≥3/4)"
Scopus;Al-Ahmad2022;Swarm intelligence-based model for improving prediction performance of low-expectation teams in educational software engineering projects;Al-Ahmad, Bilal I. and Al-Zoubi, Ala’ M. and Kabir, Md Faisal and Al-Tawil, Marw;2022;PeerJ Computer Science;Sí;Sí;Sí;Sí;Sí;Cumple con criterios de inclusión (≥3/4);"[SCREENING] 2025-12-16
¿Menciona IA/ML/Generative AI explícitamente?: Sí
¿Contexto es software development/engineering?: Sí
¿Hay evidencia empírica (estudio, caso, survey)?: Sí
¿Aborda adopción, competencias, prácticas u organizacional?: Sí
Decisión: Sí
Razón: Cumple con criterios de inclusión (≥3/4)"
Scopus;Linåker202231;Collaborative Aspects of Open Data in Software Engineering;Linåker, Johan and Runeson, Per and Zuiderwijk, Anneke M.G. and Brock, Amanda;2022;IEEE Software;Sí;Sí;No;Sí;Sí;Cumple con criterios de inclusión (≥3/4);"[SCREENING] 2025-12-16
¿Menciona IA/ML/Generative AI explícitamente?: Sí
¿Contexto es software development/engineering?: Sí
¿Hay evidencia empírica (estudio, caso, survey)?: No
¿Aborda adopción, competencias, prácticas u organizacional?: Sí
Decisión: Sí
Razón: Cumple con criterios de inclusión (≥3/4)"
Scopus;Li2022;Enjoy your observability: an industrial survey of microservice tracing and analysis;Li, Bowen and Peng, Xin and Xiang, Qilin and Wang, Hanzhang and Xie, Tao and Sun;2022;Empirical Software Engineering;Sí;Sí;Sí;Sí;Sí;Cumple con criterios de inclusión (≥3/4);"[SCREENING] 2025-12-16
¿Menciona IA/ML/Generative AI explícitamente?: Sí
¿Contexto es software development/engineering?: Sí
¿Hay evidencia empírica (estudio, caso, survey)?: Sí
¿Aborda adopción, competencias, prácticas u organizacional?: Sí
Decisión: Sí
Razón: Cumple con criterios de inclusión (≥3/4)"
Scopus;Myllyaho2022;On misbehaviour and fault tolerance in machine learning systems;Myllyaho, Lalli and Raatikainen, Mikko and Männistö, Tomi and Nurminen, Jukka K.;2022;Journal of Systems and Software;Sí;Sí;Sí;Sí;Sí;Cumple con criterios de inclusión (≥3/4);"[SCREENING] 2025-12-16
¿Menciona IA/ML/Generative AI explícitamente?: Sí
¿Contexto es software development/engineering?: Sí
¿Hay evidencia empírica (estudio, caso, survey)?: Sí
¿Aborda adopción, competencias, prácticas u organizacional?: Sí
Decisión: Sí
Razón: Cumple con criterios de inclusión (≥3/4)"
Scopus;Miller2021;Identifying the use of anonymising proxies to conceal source IP addresses;Miller, Shane and Curran, Kevin J. and Lunney, Tom F.;2021;International Journal of Digital Crime and Forensics;Sí;No;Sí;Sí;Sí;Cumple con criterios de inclusión (≥3/4);"[SCREENING] 2025-12-16
¿Menciona IA/ML/Generative AI explícitamente?: Sí
¿Contexto es software development/engineering?: No
¿Hay evidencia empírica (estudio, caso, survey)?: Sí
¿Aborda adopción, competencias, prácticas u organizacional?: Sí
Decisión: Sí
Razón: Cumple con criterios de inclusión (≥3/4)"
Scopus;Haakman2021;AI lifecycle models need to be revised: An exploratory study in Fintech;Haakman, Mark and Cruz, Luis and Huijgens, Hennie and Van Deursen, Arie Van;2021;Empirical Software Engineering;Sí;Sí;Sí;Sí;Sí;Cumple con criterios de inclusión (≥3/4);"[SCREENING] 2025-12-16
¿Menciona IA/ML/Generative AI explícitamente?: Sí
¿Contexto es software development/engineering?: Sí
¿Hay evidencia empírica (estudio, caso, survey)?: Sí
¿Aborda adopción, competencias, prácticas u organizacional?: Sí
Decisión: Sí
Razón: Cumple con criterios de inclusión (≥3/4)"
Scopus;Biesialska2021;Big Data analytics in Agile software development: A systematic mapping study;Biesialska, Katarzyna and Franch, Xavier and Muntés-Mulero, Víctor;2021;Information and Software Technology;Sí;Sí;Sí;Sí;No;Criterios de exclusión: editorial;"[SCREENING] 2025-12-16
¿Menciona IA/ML/Generative AI explícitamente?: Sí
¿Contexto es software development/engineering?: Sí
¿Hay evidencia empírica (estudio, caso, survey)?: Sí
¿Aborda adopción, competencias, prácticas u organizacional?: Sí
Decisión: No
Razón: Criterios de exclusión: editorial"
Scopus;Lekschas2021358;A Generic Framework and Library for Exploration of Small Multiples through Interactive Piling;Lekschas, Fritz and Zhou, Xinyi and Chen, Wei and Gehlenborg, Nils and Bach, Ben;2021;IEEE Transactions on Visualization and Computer Graphics;Sí;No;Sí;Sí;Sí;Cumple con criterios de inclusión (≥3/4);"[SCREENING] 2025-12-16
¿Menciona IA/ML/Generative AI explícitamente?: Sí
¿Contexto es software development/engineering?: No
¿Hay evidencia empírica (estudio, caso, survey)?: Sí
¿Aborda adopción, competencias, prácticas u organizacional?: Sí
Decisión: Sí
Razón: Cumple con criterios de inclusión (≥3/4)"
Scopus;Yadav202168;Robotic Automation of Software Testing From a Machine Learning Viewpoint;Yadav, Vinod and Botchway, Raphael Kwaku and Senkerik, Roman and Komínková Oplat;2021;Mendel;Sí;Sí;Sí;Sí;Sí;Cumple con criterios de inclusión (≥3/4);"[SCREENING] 2025-12-16
¿Menciona IA/ML/Generative AI explícitamente?: Sí
¿Contexto es software development/engineering?: Sí
¿Hay evidencia empírica (estudio, caso, survey)?: Sí
¿Aborda adopción, competencias, prácticas u organizacional?: Sí
Decisión: Sí
Razón: Cumple con criterios de inclusión (≥3/4)"
Scopus;Ferreira2021138618;The Development of the Open Machine-Learning-Based Anti-Spam (Open-MaLBAS);Ferreira, Isaac C. and Aragão, Marcelo V.C. and Oliveira, Edvard Martins De and ;2021;IEEE Access;Sí;Sí;Sí;Sí;Sí;Cumple con criterios de inclusión (≥3/4);"[SCREENING] 2025-12-16
¿Menciona IA/ML/Generative AI explícitamente?: Sí
¿Contexto es software development/engineering?: Sí
¿Hay evidencia empírica (estudio, caso, survey)?: Sí
¿Aborda adopción, competencias, prácticas u organizacional?: Sí
Decisión: Sí
Razón: Cumple con criterios de inclusión (≥3/4)"
Scopus;Abu-Salih2021208;Toward a knowledge-based personalised recommender system for mobile app development;Abu-Salih, Bilal and Alsawalqah, Hamad Iqab and Elshqeirat, Basima and Issa, Tom;2021;Journal of Universal Computer Science;Sí;Sí;No;No;Sí;Cumple con AI+SE + 1 criterio adicional;"[SCREENING] 2025-12-16
¿Menciona IA/ML/Generative AI explícitamente?: Sí
¿Contexto es software development/engineering?: Sí
¿Hay evidencia empírica (estudio, caso, survey)?: No
¿Aborda adopción, competencias, prácticas u organizacional?: No
Decisión: Sí
Razón: Cumple con AI+SE + 1 criterio adicional"
Scopus;Pradhan2021;Large scale quality transformation in hybrid development organizations – A case study;Pradhan, Satya and Nanniyur, Venky;2021;Journal of Systems and Software;Sí;Sí;Sí;Sí;Sí;Cumple con criterios de inclusión (≥3/4);"[SCREENING] 2025-12-16
¿Menciona IA/ML/Generative AI explícitamente?: Sí
¿Contexto es software development/engineering?: Sí
¿Hay evidencia empírica (estudio, caso, survey)?: Sí
¿Aborda adopción, competencias, prácticas u organizacional?: Sí
Decisión: Sí
Razón: Cumple con criterios de inclusión (≥3/4)"
